City_ID,City,Country,Date,Lat,Lng,Max Temp,Humidity,Cloudiness,Wind Speed
0,Cape Town,ZA,2022-07-13 04:02:33,-33.9258,18.4232,55.38,82,30,5.99
1,Busselton,AU,2022-07-13 04:02:45,-33.65,115.3333,60.73,59,5,9.35
2,Roura,GF,2022-07-13 04:02:46,4.7263,-52.3274,79.97,89,100,4.61
3,Aksarka,RU,2022-07-13 04:02:46,66.5606,67.7975,53.46,92,100,8.1
4,Hamilton,US,2022-07-13 04:02:47,39.1834,-84.5333,72.88,75,0,0.0
5,Mataura,NZ,2022-07-13 04:02:47,-46.1927,168.8643,44.47,98,100,7.67
6,Saint-Philippe,RE,2022-07-13 04:02:48,-21.3585,55.7679,67.59,75,38,11.77
7,Shimoda,JP,2022-07-13 04:02:48,34.6667,138.95,75.11,85,64,5.08
8,Avarua,CK,2022-07-13 04:02:48,-21.2078,-159.775,75.25,78,40,9.22
9,Rudbar,AF,2022-07-13 04:02:49,30.15,62.6,88.52,18,0,17.58
10,Kapaa,US,2022-07-13 04:02:49,22.0752,-159.319,84.18,82,8,8.99
11,Tura,IN,2022-07-13 04:02:50,25.5198,90.2201,87.8,65,100,0.87
12,Ribeira Grande,PT,2022-07-13 04:02:50,38.5167,-28.7,70.0,92,93,8.77
13,Takhtamygda,RU,2022-07-13 04:02:51,54.1,123.5667,63.86,98,100,4.41
14,Bluff,NZ,2022-07-13 04:02:51,-46.6,168.3333,44.8,92,100,20.29
15,Puerto Ayora,EC,2022-07-13 04:02:52,-0.7393,-90.3518,70.56,93,11,7.0
16,Vardo,NO,2022-07-13 04:02:52,70.3705,31.1107,51.78,93,100,6.91
17,Port Augusta,AU,2022-07-13 04:02:52,-32.5,137.7667,57.31,55,98,13.04
18,Geraldton,AU,2022-07-13 04:02:53,-28.7667,114.6,66.61,63,95,12.66
19,Butte,US,2022-07-13 04:02:53,39.6499,-121.5677,91.02,26,0,7.38
20,Ellisras,ZA,2022-07-13 04:02:54,-23.6649,27.7443,52.2,78,5,3.62
21,Aloleng,PH,2022-07-13 04:02:54,16.1307,119.7824,83.21,79,100,14.18
22,Esperance,AU,2022-07-13 04:02:55,-33.8667,121.9,63.23,44,0,10.07
23,Sao Filipe,CV,2022-07-13 04:02:55,14.8961,-24.4956,74.41,85,49,6.89
24,Den Helder,NL,2022-07-13 04:02:56,52.9599,4.7593,70.95,78,100,9.22
25,Korla,CN,2022-07-13 04:02:56,41.7597,86.1469,84.25,18,18,13.69
26,Nanortalik,GL,2022-07-13 04:02:57,60.1432,-45.2371,41.43,92,10,8.41
27,Cabo San Lucas,MX,2022-07-13 04:02:04,22.8909,-109.9124,85.51,66,0,10.13
28,Punta Arenas,CL,2022-07-13 04:00:16,-53.15,-70.9167,37.11,93,100,18.3
29,Fairbanks,US,2022-07-13 04:00:01,64.8378,-147.7164,80.02,38,75,1.01
30,Itoman,JP,2022-07-13 04:02:58,26.1247,127.6694,89.4,74,75,5.75
31,Vaini,TO,2022-07-13 04:02:58,-21.2,-175.2,76.24,76,0,12.57
32,Carnarvon,AU,2022-07-13 04:02:59,-24.8667,113.6333,73.54,56,3,12.06
33,Yellowknife,CA,2022-07-13 04:01:27,62.456,-114.3525,62.91,46,20,6.04
34,Albany,US,2022-07-13 04:00:42,42.6001,-73.9662,71.46,78,34,6.04
35,Aksha,RU,2022-07-13 04:03:00,50.2814,113.2867,76.93,37,33,9.73
36,Kununurra,AU,2022-07-13 04:03:00,-15.7667,128.7333,75.18,13,18,12.66
37,Rikitea,PF,2022-07-13 04:03:00,-23.1203,-134.9692,75.11,73,41,10.65
38,Te Anau,NZ,2022-07-13 04:03:01,-45.4167,167.7167,39.63,98,100,2.39
39,Georgetown,MY,2022-07-13 04:00:12,5.4112,100.3354,84.13,85,20,0.0
40,Port Hardy,CA,2022-07-13 04:00:09,50.6996,-127.4199,56.01,84,43,10.2
41,Cidreira,BR,2022-07-13 04:03:02,-30.1811,-50.2056,49.33,78,38,4.79
42,Torbay,CA,2022-07-13 04:03:02,47.6666,-52.7314,56.28,95,100,9.22
43,Mandalgovi,MN,2022-07-13 04:03:03,45.7625,106.2708,68.31,37,32,3.53
44,Ancud,CL,2022-07-13 04:03:03,-41.8697,-73.8203,39.22,76,53,7.27
45,Olafsvik,IS,2022-07-13 04:03:04,64.8945,-23.7142,46.69,72,19,7.07
46,Arraial Do Cabo,BR,2022-07-13 03:59:02,-22.9661,-42.0278,70.23,90,25,17.6
47,Ushuaia,AR,2022-07-13 04:04:04,-54.8,-68.3,34.7,97,100,4.25
48,Provideniya,RU,2022-07-13 04:04:05,64.3833,-173.3,48.36,87,100,11.18
49,Comodoro Rivadavia,AR,2022-07-13 04:04:05,-45.8667,-67.5,39.31,59,0,11.1
50,Luderitz,NA,2022-07-13 03:59:38,-26.6481,15.1594,54.88,65,0,14.61
51,Chuy,UY,2022-07-13 04:04:06,-33.6971,-53.4616,39.79,85,0,4.16
52,Sur,OM,2022-07-13 04:04:06,22.5667,59.5289,88.5,69,89,1.16
53,Atuona,PF,2022-07-13 04:04:07,-9.8,-139.0333,78.03,78,21,20.22
54,Port Alfred,ZA,2022-07-13 04:04:07,-33.5906,26.891,59.11,48,0,11.12
55,Vallenar,CL,2022-07-13 04:04:08,-28.5708,-70.7581,58.01,39,0,4.65
56,East London,ZA,2022-07-13 04:04:08,-33.0153,27.9116,57.78,42,0,5.1
57,Hilo,US,2022-07-13 04:00:07,19.7297,-155.09,83.28,93,100,9.22
58,Saryg-Sep,RU,2022-07-13 04:04:09,51.5,95.6,57.6,90,100,4.43
59,Bredasdorp,ZA,2022-07-13 04:04:09,-34.5322,20.0403,45.95,89,1,7.09
60,Hithadhoo,MV,2022-07-13 04:04:10,-0.6,73.0833,83.64,72,52,14.52
61,Riyadh,SA,2022-07-13 04:01:44,24.6877,46.7219,88.5,12,96,12.33
62,Araure,VE,2022-07-13 04:04:11,9.5601,-69.2148,71.1,73,95,2.59
63,Asnaes,DK,2022-07-13 04:04:11,55.8123,11.5013,64.96,93,91,14.45
64,Hobart,AU,2022-07-13 04:04:12,-42.8794,147.3294,51.06,76,75,10.36
65,Dikson,RU,2022-07-13 04:04:12,73.5069,80.5464,40.01,85,24,3.36
66,Guerrero Negro,MX,2022-07-13 04:04:13,27.9769,-114.0611,65.68,86,20,13.8
67,San Quintin,MX,2022-07-13 04:04:13,30.4833,-115.95,64.94,83,84,11.27
68,Los Llanos De Aridane,ES,2022-07-13 04:04:14,28.6585,-17.9182,65.12,82,0,5.01
69,Vila Franca Do Campo,PT,2022-07-13 04:04:14,37.7167,-25.4333,72.19,96,99,10.02
70,Luis Correia,BR,2022-07-13 04:04:15,-2.8792,-41.6669,75.83,91,49,8.81
71,Hermanus,ZA,2022-07-13 04:04:15,-34.4187,19.2345,52.7,80,2,13.82
72,Norman Wells,CA,2022-07-13 04:04:15,65.282,-126.8329,59.99,75,81,11.41
73,Vanimo,PG,2022-07-13 04:04:16,-2.6741,141.3028,86.36,63,80,7.49
74,Innisfail,AU,2022-07-13 04:04:16,-17.5333,146.0333,69.53,54,64,10.4
75,Payakumbuh,ID,2022-07-13 04:04:17,-0.2202,100.6308,78.15,75,100,1.61
76,Barrow,US,2022-07-13 04:04:17,71.2906,-156.7887,39.22,81,100,10.36
77,San Patricio,US,2022-07-13 04:04:18,28.017,-97.5169,85.89,77,3,13.53
78,Belmonte,BR,2022-07-13 04:04:18,-15.8631,-38.8828,70.36,76,38,3.15
79,Salalah,OM,2022-07-13 04:04:18,17.0151,54.0924,77.09,94,100,5.75
80,Grand Gaube,MU,2022-07-13 04:04:19,-20.0064,57.6608,72.0,66,76,7.0
81,Sapa,PH,2022-07-13 04:04:19,5.1544,120.3241,83.52,71,100,4.54
82,Henties Bay,NA,2022-07-13 04:04:20,-22.116,14.2845,54.77,89,0,6.24
83,Kloulklubed,PW,2022-07-13 04:04:21,7.0419,134.2556,82.9,75,59,13.22
84,Sambava,MG,2022-07-13 04:04:21,-14.2667,50.1667,70.05,87,97,11.1
85,Butaritari,KI,2022-07-13 04:04:22,3.0707,172.7902,82.33,73,92,16.91
86,Vila Velha,BR,2022-07-13 04:01:32,-20.3297,-40.2925,69.94,87,65,9.66
87,Souillac,MU,2022-07-13 04:04:22,-20.5167,57.5167,71.98,68,75,13.8
88,Sun Valley,US,2022-07-13 04:04:23,39.5963,-119.776,84.88,25,20,14.97
89,Manoel Urbano,BR,2022-07-13 04:04:23,-8.8389,-69.2597,75.4,77,65,2.08
90,Tual,ID,2022-07-13 04:05:24,-5.6667,132.75,79.09,84,93,23.38
91,Maniitsoq,GL,2022-07-13 04:05:24,65.4167,-52.9,41.63,96,100,11.52
92,Port Macquarie,AU,2022-07-13 04:03:32,-31.4333,152.9167,58.51,62,42,15.08
93,Homer,US,2022-07-13 04:05:25,59.6425,-151.5483,61.77,65,100,1.99
94,Victoria,HK,2022-07-13 04:05:14,22.2855,114.1577,91.45,69,55,8.01
95,Dole,FR,2022-07-13 04:05:26,47.0833,5.5,62.51,77,0,3.44
96,Jamestown,US,2022-07-13 04:05:27,42.097,-79.2353,69.39,82,0,8.05
97,Grindavik,IS,2022-07-13 04:05:27,63.8424,-22.4338,46.87,81,75,3.44
98,Lebu,CL,2022-07-13 04:05:27,-37.6167,-73.65,47.34,66,100,3.56
99,Saskylakh,RU,2022-07-13 04:05:28,71.9167,114.0833,55.53,43,92,12.64
100,North Bend,US,2022-07-13 04:05:28,43.4065,-124.2243,61.25,91,100,11.5
101,New Norfolk,AU,2022-07-13 04:05:29,-42.7826,147.0587,50.72,56,19,2.98
102,Mareeba,AU,2022-07-13 04:05:29,-17.0,145.4333,76.44,48,69,1.92
103,Lafiagi,NG,2022-07-13 04:05:30,8.8667,5.4167,72.95,96,99,4.94
104,Panjab,AF,2022-07-13 04:05:30,34.388,67.0233,61.47,30,0,4.61
105,Kavaratti,IN,2022-07-13 04:05:31,10.5669,72.642,81.41,80,100,18.41
106,Hun,LY,2022-07-13 04:05:31,29.1268,15.9477,69.67,73,0,5.48
107,Aykhal,RU,2022-07-13 04:05:31,66.0,111.5,50.45,77,49,13.42
108,Egvekinot,RU,2022-07-13 04:05:32,66.3167,-179.1667,42.91,97,100,1.95
109,Adrar,MR,2022-07-13 04:05:32,20.5022,-10.0711,89.87,8,0,7.83
110,Vista Hermosa,MX,2022-07-13 04:05:33,19.5167,-99.2167,69.55,51,75,12.66
111,Show Low,US,2022-07-13 04:05:33,34.2542,-110.0298,70.09,58,100,0.0
112,Odweyne,SO,2022-07-13 04:05:34,9.4092,45.064,71.11,47,75,21.99
113,Castro,BR,2022-07-13 04:05:34,-24.7911,-50.0119,48.83,93,34,3.56
114,Chokurdakh,RU,2022-07-13 04:05:35,70.6333,147.9167,50.83,76,100,7.07
115,Merauke,ID,2022-07-13 04:05:35,-8.4667,140.3333,78.89,77,98,16.69
116,Requena,ES,2022-07-13 04:05:36,39.4883,-1.1004,66.79,39,0,0.45
117,Adeje,ES,2022-07-13 04:05:36,28.1227,-16.726,70.88,80,40,10.36
118,Tuktoyaktuk,CA,2022-07-13 04:04:37,69.4541,-133.0374,36.75,94,100,10.27
119,Muli,MV,2022-07-13 04:05:37,2.9167,73.5667,82.24,72,72,9.15
120,Lufkin,US,2022-07-13 04:04:03,31.3382,-94.7291,89.51,58,0,5.75
121,Willowmore,ZA,2022-07-13 04:05:37,-33.2926,23.4895,42.58,63,0,6.08
122,Halifax,CA,2022-07-13 04:02:16,44.6453,-63.5724,64.69,87,6,11.01
123,Nouakchott,MR,2022-07-13 04:02:31,18.0858,-15.9785,75.13,87,100,16.24
124,Necochea,AR,2022-07-13 04:05:38,-38.5473,-58.7368,46.56,49,41,18.03
125,Andenes,NO,2022-07-13 04:05:39,69.3143,16.1194,57.92,88,75,9.22
126,Half Moon Bay,US,2022-07-13 04:05:39,37.4636,-122.4286,68.05,85,100,9.22
127,Namatanai,PG,2022-07-13 04:05:40,-3.6667,152.4333,83.12,75,39,9.19
128,Malinyi,TZ,2022-07-13 04:05:40,-8.9333,36.1333,64.27,78,79,1.25
129,Faanui,PF,2022-07-13 04:05:41,-16.4833,-151.75,78.62,69,2,7.09
130,Klaksvik,FO,2022-07-13 04:05:41,62.2266,-6.589,50.92,94,100,20.09
131,Panzhihua,CN,2022-07-13 04:05:42,26.5851,101.7128,89.89,50,17,1.23
132,Husavik,IS,2022-07-13 04:05:42,66.0449,-17.3389,43.18,84,100,12.8
133,Kiri Buru,IN,2022-07-13 04:05:43,22.0833,85.35,83.25,73,93,12.48
134,Valley City,US,2022-07-13 04:05:43,46.9233,-98.0032,64.92,88,20,4.61
135,Acari,PE,2022-07-13 04:06:44,-15.4311,-74.6158,61.21,78,34,4.07
136,Severo-Kurilsk,RU,2022-07-13 04:06:44,50.6789,156.125,56.16,90,68,1.95
137,Ghanzi,BW,2022-07-13 04:06:44,-21.5667,21.7833,50.88,48,0,7.94
138,Pandan,PH,2022-07-13 04:06:45,14.0453,124.1694,86.9,70,100,3.78
139,Zhigansk,RU,2022-07-13 04:06:46,66.7697,123.3711,70.52,53,36,7.96
140,Yar-Sale,RU,2022-07-13 04:06:46,66.8333,70.8333,58.3,46,97,9.86
141,Leningradskiy,RU,2022-07-13 04:06:46,69.3833,178.4167,39.49,89,100,6.93
142,Muros,ES,2022-07-13 04:06:47,42.7762,-9.0603,70.16,79,52,6.71
143,Bilma,NE,2022-07-13 04:06:48,18.6853,12.9164,87.39,17,77,18.05
144,Boa Vista,BR,2022-07-13 04:06:48,2.8197,-60.6733,78.78,83,40,1.14
145,Shar,KZ,2022-07-13 04:06:49,49.5886,81.0453,75.72,36,1,21.99
146,Fortuna,US,2022-07-13 04:06:49,40.5982,-124.1573,58.08,90,100,5.03
147,Semirom,IR,2022-07-13 04:06:49,31.4167,51.5667,71.1,14,0,4.72
148,Ouahigouya,BF,2022-07-13 04:02:21,13.5828,-2.4216,83.55,58,12,10.56
149,Qaanaaq,GL,2022-07-13 04:06:50,77.484,-69.3632,40.35,77,100,2.82
150,Quelimane,MZ,2022-07-13 04:04:38,-17.8786,36.8883,65.03,88,22,2.1
151,Ponta Do Sol,PT,2022-07-13 04:06:51,32.6667,-17.1,67.71,68,29,4.0
152,Saldanha,ZA,2022-07-13 04:06:51,-33.0117,17.9442,52.84,81,0,5.73
153,Saint-Joseph,RE,2022-07-13 04:06:52,-21.3667,55.6167,66.58,73,20,12.21
154,Owando,CG,2022-07-13 04:06:52,-0.4819,15.8999,75.72,60,100,3.62
155,Constitucion,CL,2022-07-13 04:04:12,-35.3333,-72.4167,50.02,86,57,6.82
156,Pedernales,DO,2022-07-13 04:06:53,18.0384,-71.744,80.94,71,100,5.66
157,Vostok,RU,2022-07-13 04:06:53,46.4856,135.8833,78.55,59,61,0.49
158,Emilio Carranza,MX,2022-07-13 04:06:54,19.9711,-96.6114,80.69,86,100,10.31
159,Macheng,CN,2022-07-13 04:06:54,31.1783,115.0319,95.68,54,34,11.59
160,Esil,KZ,2022-07-13 04:06:54,51.9556,66.4042,76.78,59,91,3.94
161,Nakkila,FI,2022-07-13 04:06:55,61.3667,22.0,62.49,94,40,5.75
162,Dwarka,IN,2022-07-13 04:06:55,22.2394,68.9678,83.19,82,99,19.62
163,Miri,MY,2022-07-13 04:06:56,4.4148,114.0089,84.34,67,95,5.37
164,Ondjiva,AO,2022-07-13 04:06:56,-17.0667,15.7333,52.34,49,0,7.02
165,Kemin,KG,2022-07-13 04:06:57,42.7846,75.6892,75.33,33,10,2.75
166,Sakakah,SA,2022-07-13 04:06:57,29.9697,40.2064,86.94,20,97,2.04
167,Taoudenni,ML,2022-07-13 04:06:58,22.6783,-3.9836,97.2,20,68,6.91
168,Falun,SE,2022-07-13 04:06:58,60.6036,15.626,62.22,82,92,2.21
169,Champerico,GT,2022-07-13 04:06:59,14.3,-91.9167,78.76,79,78,5.53
170,Apatou,GF,2022-07-13 04:06:59,5.155,-54.3472,72.34,99,64,2.35
171,Itupiranga,BR,2022-07-13 04:06:59,-5.1347,-49.3267,77.32,63,61,1.52
172,Warri,NG,2022-07-13 04:07:00,5.5167,5.75,73.63,91,100,3.47
173,Saint-Augustin,CA,2022-07-13 04:07:00,51.226,-58.6502,57.9,75,95,18.77
174,Ostrovnoy,RU,2022-07-13 04:07:01,68.0531,39.5131,57.97,95,98,6.89
175,Dauriya,RU,2022-07-13 04:07:01,49.9333,116.8667,69.44,69,100,10.51
176,Lavrentiya,RU,2022-07-13 04:07:02,65.5833,-171.0,54.39,70,99,8.12
177,Mehamn,NO,2022-07-13 04:07:02,71.0357,27.8492,69.75,60,0,11.5
178,Puerto Madryn,AR,2022-07-13 04:07:03,-42.7692,-65.0385,42.08,58,37,13.53
179,Khatanga,RU,2022-07-13 04:07:03,71.9667,102.5,39.42,84,100,8.97
180,Port Blair,IN,2022-07-13 04:07:04,11.6667,92.75,83.44,79,100,19.89
181,Haines Junction,CA,2022-07-13 04:08:04,60.7522,-137.5108,49.21,82,97,5.99
182,Tessalit,ML,2022-07-13 04:07:08,20.1986,1.0114,87.37,33,1,6.73
183,Thompson,CA,2022-07-13 04:08:05,55.7435,-97.8558,62.17,46,58,5.7
184,Bira,RU,2022-07-13 04:08:05,49.0,132.4667,77.23,65,89,4.12
185,Hambantota,LK,2022-07-13 04:06:11,6.1241,81.1185,86.34,70,20,14.97
186,Petropavlovka,RU,2022-07-13 04:08:06,50.6114,105.3196,75.76,45,11,5.46
187,Bambous Virieux,MU,2022-07-13 04:08:07,-20.3428,57.7575,71.85,68,75,13.8
188,Burnie,AU,2022-07-13 04:08:07,-41.0667,145.9167,56.91,46,14,1.3
189,Igarka,RU,2022-07-13 04:08:07,67.4667,86.5833,57.99,44,31,11.14
190,Lazaro Cardenas,MX,2022-07-13 04:08:08,17.9583,-102.2,80.17,83,70,5.17
191,Atar,MR,2022-07-13 04:08:08,20.5169,-13.0499,86.79,35,31,4.43
192,Nikolskoye,RU,2022-07-13 04:08:09,59.7035,30.7861,66.09,93,11,6.15
193,Tocopilla,CL,2022-07-13 04:03:14,-22.092,-70.1979,58.33,71,93,4.65
194,Bonoua,CI,2022-07-13 04:08:09,5.2741,-3.595,74.82,89,100,5.3
195,Tamandare,BR,2022-07-13 04:08:10,-8.7597,-35.1047,74.25,88,28,5.01
196,Cherskiy,RU,2022-07-13 04:08:10,68.75,161.3,61.9,55,58,13.04
197,Aklavik,CA,2022-07-13 04:08:11,68.2191,-135.0107,51.33,60,54,15.43
198,Mar Del Plata,AR,2022-07-13 04:04:20,-38.0023,-57.5575,46.09,66,56,15.01
199,Gotsu,JP,2022-07-13 04:08:11,35.0,132.2167,78.44,74,95,7.29
200,Yegorlykskaya,RU,2022-07-13 04:08:12,46.5656,40.6562,68.18,48,86,3.22
201,Isla Mujeres,MX,2022-07-13 04:08:12,21.2311,-86.731,82.45,82,98,11.12
202,Longyearbyen,SJ,2022-07-13 04:08:13,78.2186,15.6401,46.24,93,75,5.75
203,Samarai,PG,2022-07-13 04:08:13,-10.6167,150.6667,79.81,83,81,13.33
204,Villazon,BO,2022-07-13 04:08:14,-22.0866,-65.5942,34.79,10,95,4.23
205,Bonavista,CA,2022-07-13 04:08:14,48.6499,-53.1147,55.29,93,22,12.86
206,Szihalom,HU,2022-07-13 04:08:15,47.7667,20.4833,60.75,60,59,8.08
207,Zarichne,UA,2022-07-13 04:08:15,51.8126,26.129,57.83,96,97,12.64
208,Mount Isa,AU,2022-07-13 04:08:15,-20.7333,139.5,67.77,21,2,12.66
209,Sola,VU,2022-07-13 04:08:16,-13.8833,167.55,80.89,65,24,11.25
210,Gazanjyk,TM,2022-07-13 04:08:16,39.2446,55.5154,87.93,23,0,10.51
211,Hokitika,NZ,2022-07-13 04:08:17,-42.7167,170.9667,50.88,81,100,8.93
212,Ilulissat,GL,2022-07-13 04:08:18,69.2167,-51.1,41.02,93,75,0.0
213,Stancuta,RO,2022-07-13 04:08:18,44.9,27.8333,63.16,47,15,3.51
214,Ilula,TZ,2022-07-13 04:08:19,-7.6766,36.0366,53.74,96,51,4.79
215,Ugoofaaru,MV,2022-07-13 04:08:19,5.6667,73.0,82.06,74,98,13.89
216,Touros,BR,2022-07-13 04:08:20,-5.1989,-35.4608,74.48,89,4,10.31
217,Maningrida,AU,2022-07-13 04:08:20,-12.0667,134.2667,84.49,25,54,9.42
218,Ahipara,NZ,2022-07-13 04:08:20,-35.1667,173.1667,59.29,79,100,12.77
219,Nuevitas,CU,2022-07-13 04:08:21,21.5453,-77.2644,79.52,85,97,7.34
220,Faya,SA,2022-07-13 04:08:21,18.3851,42.4509,68.52,45,100,3.27
221,Asau,RO,2022-07-13 04:08:22,46.4333,26.4,52.72,72,90,6.42
222,Along,IN,2022-07-13 04:08:22,28.1667,94.7667,85.59,75,100,0.18
223,Deputatskiy,RU,2022-07-13 04:08:23,69.3,139.9,62.78,55,79,11.23
224,Windhoek,NA,2022-07-13 04:09:23,-22.5594,17.0832,47.1,54,0,2.44
225,Villa De Cura,VE,2022-07-13 04:09:24,10.0386,-67.4894,68.5,79,100,1.61
226,Isakly,RU,2022-07-13 04:09:24,54.1333,51.5333,75.78,71,70,9.62
227,Alofi,NU,2022-07-13 04:09:25,-19.0595,-169.9187,78.57,77,16,22.08
228,La Peca,PE,2022-07-13 04:09:25,-5.6111,-78.435,66.04,91,67,3.11
229,Yuli,NG,2022-07-13 04:09:26,9.6989,10.2744,73.47,94,100,10.13
230,Saint-Pierre,RE,2022-07-13 04:09:26,-21.3393,55.4781,67.91,78,75,19.57
231,Coquimbo,CL,2022-07-13 04:09:26,-29.9533,-71.3436,49.73,87,0,4.61
232,Brooks,CA,2022-07-13 04:09:27,50.5834,-111.8851,75.04,55,1,12.46
233,Aguimes,ES,2022-07-13 04:09:27,27.9054,-15.4461,66.83,73,20,19.57
234,Miles City,US,2022-07-13 04:06:33,46.4083,-105.8406,76.17,38,0,9.22
235,Praya,CV,2022-07-13 04:09:28,14.9215,-23.5087,74.77,85,45,5.97
236,Carazinho,BR,2022-07-13 04:09:29,-28.2839,-52.7864,41.36,94,0,4.45
237,Mangawan,IN,2022-07-13 04:09:29,24.6833,81.55,93.06,46,89,16.28
238,Eunice,US,2022-07-13 04:09:29,30.4944,-92.4176,79.0,80,86,7.4
239,Havelock,US,2022-07-13 04:09:30,34.8791,-76.9013,82.38,92,52,3.0
240,Yerbogachen,RU,2022-07-13 04:09:30,61.2767,108.0108,59.79,43,70,6.02
241,Biak,ID,2022-07-13 04:09:31,-0.9131,122.8766,78.12,83,93,5.95
242,Bengkulu,ID,2022-07-13 04:08:55,-3.8004,102.2655,80.73,74,100,3.0
243,Batagay,RU,2022-07-13 04:09:31,67.6333,134.6333,70.9,47,10,10.78
244,Kinwat,IN,2022-07-13 04:09:32,19.6333,78.2,73.51,96,100,12.66
245,Verneuil-Sur-Seine,FR,2022-07-13 04:09:32,48.9739,1.9648,70.14,69,0,0.0
246,Dubti,ET,2022-07-13 04:09:33,11.7361,41.0853,84.94,45,91,7.87
247,Puerto Colombia,CO,2022-07-13 04:09:33,10.9878,-74.9547,80.69,81,28,16.46
248,Udachnyy,RU,2022-07-13 04:09:34,66.4167,112.4,59.43,61,47,13.69
249,Mahebourg,MU,2022-07-13 04:05:47,-20.4081,57.7,71.89,68,75,13.8
250,Ingham,US,2022-07-13 04:09:34,42.6,-84.3833,66.15,77,0,4.61
251,Kieta,PG,2022-07-13 04:09:35,-6.2167,155.6333,83.26,76,55,6.82
252,Baiyin,CN,2022-07-13 04:09:35,36.5583,104.2081,78.91,39,60,3.8
253,Xining,CN,2022-07-13 04:09:35,36.6167,101.7667,76.8,47,39,3.83
254,Bani,DO,2022-07-13 04:09:36,18.2833,-70.3333,76.82,84,58,7.65
255,Kodiak,US,2022-07-13 04:08:09,57.79,-152.4072,53.11,94,100,8.05
256,Bac Lieu,VN,2022-07-13 04:09:37,9.285,105.7244,78.48,85,100,19.64
257,Kokopo,PG,2022-07-13 04:09:37,-4.352,152.2633,86.77,61,6,12.68
258,San Andres,CO,2022-07-13 04:05:13,12.5847,-81.7006,80.62,94,100,12.66
259,Mogadishu,SO,2022-07-13 04:05:52,2.0371,45.3438,74.52,82,70,17.63
260,Olga,RU,2022-07-13 04:09:38,43.7444,135.2892,66.87,90,100,6.73
261,Kandrian,PG,2022-07-13 04:09:39,-6.2167,149.55,85.75,66,70,11.25
262,Port Elizabeth,ZA,2022-07-13 04:09:39,-33.918,25.5701,52.32,73,0,1.99
263,Andros Town,BS,2022-07-13 04:09:39,24.7,-77.7667,80.56,75,93,10.2
264,Lata,PT,2022-07-13 04:09:40,40.1629,-8.3327,72.07,29,87,3.33
265,Umm Kaddadah,SD,2022-07-13 04:09:40,13.6017,26.6876,79.39,64,97,12.41
266,Kaili,ID,2022-07-13 04:09:41,-3.4626,120.2147,78.06,67,41,4.32
267,Weligama,LK,2022-07-13 04:09:17,5.9667,80.4167,83.05,69,74,14.7
268,La Ronge,CA,2022-07-13 04:09:41,55.1001,-105.2842,63.48,58,0,7.49
269,Padang,ID,2022-07-13 04:09:42,-0.9492,100.3543,86.05,64,100,3.71
270,Inirida,CO,2022-07-13 04:09:42,3.8653,-67.9239,72.63,98,100,0.87
271,Narsaq,GL,2022-07-13 04:09:43,60.9167,-46.05,46.62,80,9,1.48
272,Fremont,US,2022-07-13 04:09:55,37.5483,-121.9886,69.89,77,0,13.8
273,Inuvik,CA,2022-07-13 04:10:43,68.3499,-133.7218,56.8,62,38,10.58
274,Codrington,AU,2022-07-13 04:10:44,-38.2667,141.9667,54.34,61,20,12.44
275,Nelson Bay,AU,2022-07-13 04:10:44,-32.7167,152.15,61.0,65,99,15.01
276,Hobyo,SO,2022-07-13 04:10:45,5.3505,48.5268,77.09,67,54,20.78
277,Opuwo,NA,2022-07-13 04:10:45,-18.0607,13.84,57.42,41,0,7.4
278,Srednekolymsk,RU,2022-07-13 04:10:45,67.45,153.6833,78.35,39,100,8.01
279,Keetmanshoop,NA,2022-07-13 04:10:46,-26.5833,18.1333,51.15,43,0,2.62
280,Oussouye,SN,2022-07-13 04:10:46,12.485,-16.5469,78.69,89,49,5.39
281,Druzhba,UA,2022-07-13 04:10:47,52.0428,33.9453,54.77,80,81,14.7
282,Camacha,PT,2022-07-13 04:10:47,33.0833,-16.3333,62.02,82,20,6.91
283,Kajiado,KE,2022-07-13 04:10:48,-1.8524,36.7768,50.68,94,94,4.34
284,Alice Springs,AU,2022-07-13 04:10:48,-23.7,133.8833,56.75,38,0,13.8
285,Newport,GB,2022-07-13 04:10:49,51.5877,-2.9984,65.01,82,48,5.48
286,Meulaboh,ID,2022-07-13 04:07:05,4.1363,96.1285,84.58,63,82,5.88
287,Sinfra,CI,2022-07-13 04:10:49,6.6167,-5.9167,69.64,98,99,2.44
288,Palmer,US,2022-07-13 04:10:50,42.1584,-72.3287,70.92,87,100,0.0
289,Kahului,US,2022-07-13 04:10:50,20.8947,-156.47,82.42,76,40,19.57
290,Ariquemes,BR,2022-07-13 04:10:50,-9.9133,-63.0408,75.83,69,74,0.89
291,Mackay,AU,2022-07-13 04:10:51,-21.15,149.2,66.61,41,0,7.67
292,Katsuura,JP,2022-07-13 04:10:52,35.1333,140.3,78.82,87,86,4.59
293,Sitka,US,2022-07-13 04:10:52,57.0531,-135.33,55.29,76,100,0.0
294,Rocha,UY,2022-07-13 04:10:53,-34.4833,-54.3333,37.71,85,1,4.68
295,Wanaka,NZ,2022-07-13 04:08:08,-44.7,169.15,43.11,88,100,1.99
296,Kashi,CN,2022-07-13 04:10:53,39.4547,75.9797,84.61,15,92,7.47
297,Minot,US,2022-07-13 04:10:54,48.2325,-101.2963,66.42,72,0,0.0
298,College,US,2022-07-13 04:10:54,64.8569,-147.8028,80.01,40,75,6.91
299,Pevek,RU,2022-07-13 04:10:55,69.7008,170.3133,34.81,94,98,14.99
300,Salekhard,RU,2022-07-13 04:10:55,66.53,66.6019,55.26,87,100,8.12
301,Uaua,BR,2022-07-13 04:10:56,-9.8414,-39.4817,69.53,85,72,13.29
302,Flin Flon,CA,2022-07-13 04:10:56,54.7682,-101.865,64.54,55,28,6.06
303,Upernavik,GL,2022-07-13 04:10:56,72.7868,-56.1549,42.28,84,100,4.9
304,Wellington,NZ,2022-07-13 04:10:55,-41.2866,174.7756,58.66,82,20,26.46
305,Kosonsoy,UZ,2022-07-13 04:10:57,41.2561,71.5508,73.96,31,4,5.39
306,Ratnagiri,IN,2022-07-13 04:10:57,16.9833,73.3,77.77,87,100,18.12
307,Rach Gia,VN,2022-07-13 04:10:58,10.0167,105.0833,79.07,85,100,29.28
308,Meadow Lake,US,2022-07-13 04:10:58,34.8014,-106.5436,74.91,54,89,10.54
309,Aberdeen,GB,2022-07-13 04:10:59,57.1437,-2.0981,53.49,83,18,8.05
310,Pullman,US,2022-07-13 04:10:59,46.7313,-117.1796,78.84,64,0,4.61
311,Pineville,US,2022-07-13 04:09:21,31.3224,-92.4343,82.92,76,0,0.0
312,Pangnirtung,CA,2022-07-13 04:11:00,66.1451,-65.7125,47.43,92,100,1.79
313,Killybegs,IE,2022-07-13 04:11:00,54.6333,-8.45,53.64,82,83,9.4
314,Westport,US,2022-07-13 04:11:01,41.1415,-73.3579,79.18,90,0,0.0
315,Khandbari,NP,2022-07-13 04:11:01,27.3747,87.2039,82.31,76,100,2.48
316,Pueblo Nuevo,MX,2022-07-13 04:11:02,23.3833,-105.3833,58.96,89,87,3.36
317,Margate,GB,2022-07-13 04:11:02,51.3813,1.3862,70.7,72,98,1.99
318,Mega,ET,2022-07-13 04:12:03,4.05,38.3,52.66,85,18,14.29
319,Waitati,NZ,2022-07-13 04:12:03,-45.75,170.5667,42.64,95,100,13.67
320,Avera,US,2022-07-13 04:12:04,33.194,-82.5271,77.05,83,100,5.66
321,Bintulu,MY,2022-07-13 04:12:04,3.1667,113.0333,83.14,70,97,4.27
322,Dunedin,NZ,2022-07-13 04:09:23,-45.8742,170.5036,43.27,95,100,21.39
323,Clyde River,CA,2022-07-13 04:12:05,70.4692,-68.5914,37.11,90,56,4.88
324,Roald,NO,2022-07-13 04:12:05,62.5833,6.1333,58.75,67,100,14.97
325,Lincoln,US,2022-07-13 04:12:02,40.8,-96.667,74.86,72,0,3.44
326,Terenos,BR,2022-07-13 04:12:07,-20.4422,-54.8603,60.51,88,40,9.22
327,Isangel,VU,2022-07-13 04:07:47,-19.55,169.2667,82.51,83,75,4.61
328,Salta,AR,2022-07-13 04:12:08,-24.7859,-65.4117,35.58,79,0,1.92
329,Coihaique,CL,2022-07-13 04:12:08,-45.5752,-72.0662,30.15,86,0,6.91
330,Kalmunai,LK,2022-07-13 04:09:17,7.4167,81.8167,88.99,46,80,11.5
331,Raudeberg,NO,2022-07-13 04:12:09,61.9875,5.1352,54.27,82,99,24.32
332,Kaitangata,NZ,2022-07-13 04:12:09,-46.2817,169.8464,42.78,96,100,14.67
333,Hovd,MN,2022-07-13 04:12:10,48.0056,91.6419,74.98,28,100,6.64
334,El Tigre,VE,2022-07-13 04:12:10,8.8875,-64.2454,74.52,90,100,12.33
335,Tasiilaq,GL,2022-07-13 04:12:10,65.6145,-37.6368,39.36,82,99,4.94
336,Airai,TL,2022-07-13 04:12:11,-8.9266,125.4092,68.47,54,68,3.65
337,Bilibino,RU,2022-07-13 04:12:11,68.0546,166.4372,68.0,53,49,5.84
338,Chicama,PE,2022-07-13 04:12:12,-7.8447,-79.1469,59.54,84,13,5.08
339,Mahina,PF,2022-07-13 04:07:18,-17.5065,-149.489,71.37,94,75,3.44
340,Iracoubo,GF,2022-07-13 04:12:12,5.4802,-53.2011,77.72,85,87,5.55
341,Bethel,US,2022-07-13 04:12:13,41.3712,-73.414,76.77,91,75,1.01
342,Tiksi,RU,2022-07-13 04:12:13,71.6872,128.8694,37.11,91,100,6.69
343,Bafq,IR,2022-07-13 04:12:14,31.6128,55.4107,84.63,15,0,6.89
344,Bubaque,GW,2022-07-13 04:12:14,11.2833,-15.8333,80.06,83,67,9.66
345,Khani,GE,2022-07-13 04:12:15,41.9563,42.9566,60.37,84,41,1.19
346,Vega De Alatorre,MX,2022-07-13 04:12:15,20.0333,-96.6333,81.59,85,100,11.39
347,Dunn,US,2022-07-13 04:12:15,44.95,-91.8835,64.76,99,19,3.65
348,Outjo,NA,2022-07-13 04:12:16,-20.1167,16.15,53.76,44,0,8.43
349,Waterloo,CA,2022-07-13 04:09:28,43.4668,-80.5164,55.78,96,27,6.64
350,San Lazaro,BZ,2022-07-13 04:12:17,18.0387,-88.6622,75.88,94,92,2.93
351,Ornskoldsvik,SE,2022-07-13 04:12:17,63.2909,18.7153,54.55,94,75,3.44
352,Pemangkat,ID,2022-07-13 04:12:18,1.1667,108.9667,77.43,89,100,10.13
353,Talnakh,RU,2022-07-13 04:12:18,69.4865,88.3972,52.21,42,63,21.36
354,Marsa Matruh,EG,2022-07-13 04:12:18,31.3525,27.2453,76.23,63,0,12.48
355,Anadyr,RU,2022-07-13 04:12:19,64.75,177.4833,70.3,56,40,6.71
356,Tarko-Sale,RU,2022-07-13 04:12:20,64.9225,77.785,60.87,45,2,11.45
357,Sundsvall,SE,2022-07-13 04:12:20,62.3913,17.3063,61.97,70,75,3.44
358,Pak Phanang,TH,2022-07-13 04:12:20,8.3511,100.202,81.88,70,100,7.43
359,Lake Charles,US,2022-07-13 04:10:02,30.2131,-93.2044,80.58,87,0,3.44
360,Redlands,US,2022-07-13 04:12:21,34.0556,-117.1825,87.93,48,0,9.22
361,Daru,PG,2022-07-13 04:13:21,-9.0763,143.2092,79.93,75,96,15.19
362,Saint George,US,2022-07-13 04:13:22,37.1041,-113.5841,97.39,19,0,23.02
363,Aswan,EG,2022-07-13 04:13:22,24.0934,32.907,85.24,28,55,6.51
364,Iqaluit,CA,2022-07-13 04:13:23,63.7506,-68.5145,50.7,87,95,5.01
365,Uyuni,BO,2022-07-13 04:13:23,-20.4597,-66.825,35.92,14,100,6.58
366,Ashland,US,2022-07-13 04:13:24,40.8167,-82.2665,68.16,83,1,6.91
367,Zeya,RU,2022-07-13 04:13:24,53.75,127.2667,82.67,45,46,10.63
368,Wadi,IN,2022-07-13 04:13:25,17.0667,76.9833,71.08,90,100,21.45
369,Coffs Harbour,AU,2022-07-13 04:13:25,-30.3,153.1333,64.36,39,40,13.8
370,Rutana,BI,2022-07-13 04:13:25,-3.8667,30.1,54.88,71,88,2.55
371,Atasu,KZ,2022-07-13 04:13:26,48.6814,71.6433,75.45,35,0,15.93
372,Barcelos,PT,2022-07-13 04:10:16,41.5388,-8.6151,82.54,37,87,4.92
373,Batsfjord,NO,2022-07-13 04:13:27,70.6345,29.7185,69.73,67,76,6.91
374,The Valley,AI,2022-07-13 04:13:27,18.217,-63.0578,82.26,79,100,17.94
375,Komsomolskiy,UZ,2022-07-13 04:13:28,40.4272,71.7189,75.92,38,100,11.5
376,Sisimiut,GL,2022-07-13 04:13:28,66.9395,-53.6735,42.42,94,100,1.79
377,Iralaya,HN,2022-07-13 04:13:29,15.0,-83.2333,79.5,87,21,13.22
378,Sorland,NO,2022-07-13 04:13:29,67.667,12.6934,55.26,85,66,22.84
379,Boyabat,TR,2022-07-13 04:13:29,41.4689,34.7667,63.64,70,1,0.72
380,Cortez,US,2022-07-13 04:13:30,37.3489,-108.5859,65.7,58,0,3.44
381,Kavieng,PG,2022-07-13 04:13:30,-2.5744,150.7967,84.85,69,43,9.95
382,Brockville,CA,2022-07-13 04:13:31,44.5834,-75.6826,66.34,96,6,3.83
383,Svetlyy,RU,2022-07-13 04:13:31,54.675,20.1347,66.25,72,64,16.91
384,Guanica,PR,2022-07-13 04:13:32,17.9716,-66.908,81.05,85,20,5.95
385,Sinnamary,GF,2022-07-13 04:13:32,5.3833,-52.95,77.76,85,90,5.14
386,Shingu,JP,2022-07-13 04:13:33,33.7333,135.9833,83.37,71,76,5.41
387,Tigil,RU,2022-07-13 04:13:33,57.8,158.6667,80.08,41,26,13.18
388,Los Zacatones,MX,2022-07-13 04:13:33,22.95,-102.05,66.52,69,78,23.96
389,Dakar,SN,2022-07-13 04:13:34,14.6937,-17.4441,79.68,86,85,12.55
390,Ha Giang,VN,2022-07-13 04:13:34,22.8333,104.9833,93.22,57,29,4.07
391,Kudahuvadhoo,MV,2022-07-13 04:13:35,2.6708,72.8944,81.82,73,72,7.52
392,Selikhino,RU,2022-07-13 04:13:35,50.3672,137.4996,76.64,73,86,3.89
393,Xuddur,SO,2022-07-13 04:13:36,4.1213,43.8894,67.62,69,46,19.37
394,Pacific Grove,US,2022-07-13 04:13:29,36.6177,-121.9166,62.71,88,100,8.05
395,Neiafu,TO,2022-07-13 04:13:36,-18.65,-173.9833,79.48,83,75,12.66
396,Luena,AO,2022-07-13 04:13:37,-11.7833,19.9167,49.98,57,0,5.57
397,Juba,SS,2022-07-13 04:13:31,4.8517,31.5825,69.22,89,60,1.9
398,Hammerfest,NO,2022-07-13 04:13:37,70.6634,23.6821,70.25,52,0,5.75
399,Karema,TZ,2022-07-13 04:13:38,-6.8205,30.4389,68.59,59,42,14.25
400,Zyryanka,RU,2022-07-13 04:12:18,65.75,150.85,75.22,57,100,12.19
401,Qinhuangdao,CN,2022-07-13 04:13:38,39.9317,119.5883,81.55,77,61,7.09
402,Portland,US,2022-07-13 04:13:39,45.5234,-122.6762,74.86,60,20,16.11
403,Olinda,BR,2022-07-13 04:13:39,-8.0089,-34.8553,74.93,94,75,4.61
404,Cayenne,GF,2022-07-13 04:13:40,4.9333,-52.3333,80.1,1,75,3.44
405,Statesboro,US,2022-07-13 04:13:40,32.4488,-81.7832,78.33,88,0,3.44
406,Spirit River,CA,2022-07-13 04:13:41,55.7833,-118.8361,56.86,92,100,6.55
407,Valera,VE,2022-07-13 04:13:41,9.3178,-70.6036,72.01,80,79,5.99
408,Mandal,IN,2022-07-13 04:13:41,25.45,74.5667,80.11,76,100,8.84
409,Lagoa,PT,2022-07-13 04:14:42,39.05,-27.9833,68.74,93,100,9.6
410,Fort Nelson,CA,2022-07-13 04:14:42,58.8053,-122.7002,60.85,49,75,1.63
411,Whitley Bay,GB,2022-07-13 04:14:43,55.0397,-1.4471,56.8,82,100,10.36
412,Turukhansk,RU,2022-07-13 04:14:43,65.8167,87.9833,58.3,47,85,7.65
413,Mantua,IT,2022-07-13 04:14:44,45.1667,10.7833,70.84,82,4,1.99
414,Quatre Cocos,MU,2022-07-13 04:14:44,-20.2078,57.7625,71.71,70,89,14.74
415,Salinopolis,BR,2022-07-13 04:14:44,-0.6136,-47.3561,77.38,87,62,8.08
416,Rosario Do Sul,BR,2022-07-13 04:14:45,-30.2583,-54.9142,43.21,84,0,3.69
417,Tromso,NO,2022-07-13 04:14:45,69.6496,18.957,60.82,72,0,6.91
418,Kaeo,NZ,2022-07-13 04:14:46,-35.1,173.7833,61.32,90,100,11.01
419,Kysyl-Syr,RU,2022-07-13 04:14:46,63.8986,122.7617,78.89,50,94,3.27
420,Khor,RU,2022-07-13 04:14:47,47.8861,134.9464,76.03,73,82,5.93
421,Cruzeiro Do Sul,BR,2022-07-13 04:14:47,-29.5128,-51.9853,49.51,91,0,1.77
422,Hasaki,JP,2022-07-13 04:14:48,35.7333,140.8333,79.2,94,100,6.62
423,Sioux Lookout,CA,2022-07-13 04:14:48,50.1001,-91.917,53.02,85,42,3.67
424,Baoding,CN,2022-07-13 04:11:00,38.8511,115.4903,89.85,56,3,7.31
425,Kushmurun,KZ,2022-07-13 04:14:49,52.4503,64.6311,74.57,67,58,9.37
426,Svetlogorsk,BY,2022-07-13 04:14:49,52.6333,29.7333,54.88,98,100,12.86
427,Diourbel,SN,2022-07-13 04:14:49,14.6628,-16.3925,78.53,79,21,10.6
428,Nara,JP,2022-07-13 04:14:03,34.6851,135.8049,89.96,47,81,5.26
429,Ossora,RU,2022-07-13 04:14:50,59.2353,163.0719,68.04,74,55,5.68
430,Yulara,AU,2022-07-13 04:14:51,-25.2406,130.9889,60.19,31,0,14.05
431,Sale,MA,2022-07-13 04:14:51,34.0389,-6.8166,74.08,100,8,3.44
432,Cockburn Town,TC,2022-07-13 04:14:52,21.4612,-71.1419,81.18,83,8,17.25
433,Kiunga,PG,2022-07-13 04:14:52,-6.1219,141.2906,82.27,78,99,4.52
434,Perevoz,RU,2022-07-13 04:14:52,55.5961,44.5446,67.05,85,53,6.13
435,Mao,ES,2022-07-13 04:10:29,39.8885,4.2658,70.36,88,0,2.3
436,Taraz,KZ,2022-07-13 04:14:53,42.9,71.3667,75.61,43,7,2.24
437,Hami,CN,2022-07-13 04:14:53,42.8,93.45,91.29,16,62,9.8
438,Marilia,BR,2022-07-13 04:14:54,-22.2139,-49.9458,61.63,88,96,4.07
439,Dongning,CN,2022-07-13 04:14:54,44.0622,131.1207,80.19,68,99,8.03
440,Miramar,US,2022-07-13 04:14:55,25.9873,-80.2323,85.01,80,0,6.91
441,Verkhovyna,UA,2022-07-13 04:14:55,48.1557,24.7911,51.26,93,100,9.19
442,Arkhipo-Osipovka,RU,2022-07-13 04:14:56,44.37,38.52,69.58,58,77,9.98
443,Kuzino,RU,2022-07-13 04:14:56,57.0224,59.4412,71.13,75,71,3.85
444,Nantucket,US,2022-07-13 04:11:50,41.2835,-70.0995,75.31,93,0,11.5
445,Dingle,PH,2022-07-13 04:14:57,10.9995,122.6711,87.15,70,97,8.12
446,Waingapu,ID,2022-07-13 04:14:57,-9.6567,120.2641,81.84,53,79,16.4
447,Vao,NC,2022-07-13 04:14:58,-22.6667,167.4833,73.92,88,100,18.7
448,Bet Shemesh,IL,2022-07-13 04:14:58,31.7496,34.9888,74.08,100,5,0.72
449,Yumen,CN,2022-07-13 04:14:59,40.2833,97.2,88.72,17,12,12.21
450,Yairipok,IN,2022-07-13 04:14:59,24.6667,94.0667,87.66,58,13,4.36
451,Ovalle,CL,2022-07-13 04:15:00,-30.5983,-71.2003,54.0,60,5,1.28
452,San Ignacio,BZ,2022-07-13 04:15:00,17.1561,-89.0714,75.15,97,96,2.91
453,Lorengau,PG,2022-07-13 04:15:00,-2.0226,147.2712,85.41,67,23,9.89
454,Pingzhuang,CN,2022-07-13 04:15:01,42.0372,119.2889,91.58,33,48,4.45
455,Taldan,RU,2022-07-13 04:15:01,53.6667,124.8,74.17,71,100,6.13
456,Moron,AR,2022-07-13 04:15:02,-34.6534,-58.6198,49.75,77,23,6.93
457,Onguday,RU,2022-07-13 04:16:03,50.75,86.15,64.69,53,10,4.0
458,Bandarbeyla,SO,2022-07-13 04:16:03,9.4942,50.8122,80.4,61,99,25.55
459,Saint Anthony,US,2022-07-13 04:16:04,45.0205,-93.218,65.82,92,0,8.05
460,Wilmington,US,2022-07-13 04:15:02,34.2257,-77.9447,81.86,90,20,4.61
461,Porto Walter,BR,2022-07-13 04:16:04,-8.2686,-72.7439,71.01,97,73,1.19
462,Gorele,TR,2022-07-13 04:16:05,41.0308,39.0031,70.68,77,99,5.23
463,Eenhana,NA,2022-07-13 04:16:05,-17.4667,16.3333,51.67,51,0,6.98
464,Oudtshoorn,ZA,2022-07-13 04:16:06,-33.5907,22.2014,41.36,58,0,4.52
465,Harrison,US,2022-07-13 04:15:10,30.4091,-89.0436,80.67,94,0,3.44
466,Ulaangom,MN,2022-07-13 04:11:49,49.9811,92.0667,61.11,64,100,17.56
467,Wajid,SO,2022-07-13 04:16:07,3.8093,43.2471,68.52,73,57,18.77
468,Krasnyy Oktyabr,RU,2022-07-13 04:16:07,56.1167,38.8833,63.66,73,4,4.97
469,Naze,JP,2022-07-13 04:16:08,28.3667,129.4833,88.72,74,99,9.42
470,Sloboda,RU,2022-07-13 04:16:08,51.1421,40.3021,67.14,56,1,2.66
471,Ubinskoye,RU,2022-07-13 04:16:09,55.3068,79.6802,64.17,56,82,9.31
472,Loralai,PK,2022-07-13 04:16:09,30.3705,68.598,82.45,51,47,0.94
473,Ayutla,MX,2022-07-13 04:16:10,20.1167,-104.3333,68.4,85,53,1.59
474,Porto Novo,BJ,2022-07-13 04:14:01,6.4965,2.6036,74.82,85,98,6.53
475,Ciudad Bolivar,VE,2022-07-13 04:16:10,8.1222,-63.5497,76.96,89,99,11.12
476,Zaterechnyy,RU,2022-07-13 04:16:11,44.7931,45.2097,78.57,50,22,10.38
477,Kyren,RU,2022-07-13 04:12:16,51.6828,102.1408,72.72,57,16,3.29
478,Brownwood,US,2022-07-13 04:16:12,31.7093,-98.9912,85.32,56,0,0.0
479,Kruisfontein,ZA,2022-07-13 04:16:12,-34.0033,24.7314,49.3,55,0,7.31
480,Ngama,TD,2022-07-13 04:16:13,11.7833,17.1667,74.44,79,100,17.74
481,Chor,PK,2022-07-13 04:16:13,25.5167,69.7667,88.88,68,100,8.21
482,Rabak,SD,2022-07-13 04:16:14,13.1809,32.74,77.59,71,100,7.45
483,Brae,GB,2022-07-13 04:16:14,60.3964,-1.353,52.52,84,93,22.21
484,Bathsheba,BB,2022-07-13 04:16:15,13.2167,-59.5167,81.21,85,20,23.02
485,Mokolo,CM,2022-07-13 04:16:15,10.7398,13.8019,71.91,70,100,3.69
486,Cuauhtemoc,MX,2022-07-13 04:16:15,28.4167,-106.8667,71.42,43,60,3.98
487,Sao Raimundo Nonato,BR,2022-07-13 04:13:24,-9.0153,-42.6994,72.79,63,11,6.82
488,Wald,CH,2022-07-13 04:16:16,47.276,8.9141,59.09,69,24,5.01
489,Sungairaya,ID,2022-07-13 04:16:16,0.7,108.9,79.12,85,100,6.62
490,Praia Da Vitoria,PT,2022-07-13 04:16:17,38.7333,-27.0667,71.76,94,75,11.14
491,Valpacos,PT,2022-07-13 04:16:17,41.6075,-7.3109,74.86,37,44,3.04
492,Las Vegas,US,2022-07-13 04:14:54,36.175,-115.1372,104.36,12,20,8.05
493,Honningsvag,NO,2022-07-13 04:16:18,70.9821,25.9704,65.95,63,64,10.36
494,Hualmay,PE,2022-07-13 04:16:18,-11.0964,-77.6139,60.15,85,5,8.61
495,San Carlos De Bariloche,AR,2022-07-13 04:16:19,-41.1456,-71.3082,23.9,94,58,3.22
496,Brikama,GM,2022-07-13 04:16:19,13.2714,-16.6494,80.64,89,40,6.91
497,Kawalu,ID,2022-07-13 04:16:20,-7.3817,108.2082,82.74,73,99,2.64
498,Bourail,NC,2022-07-13 04:16:20,-21.5667,165.4833,73.02,90,100,9.64
499,Muravlenko,RU,2022-07-13 04:16:21,63.7898,74.523,60.57,43,0,5.7
500,Abu Dhabi,AE,2022-07-13 04:15:03,24.4667,54.3667,95.11,73,0,3.44
501,La Garriga,ES,2022-07-13 04:16:21,41.6833,2.2833,80.46,43,0,2.82
502,Orange Cove,US,2022-07-13 04:17:22,36.6244,-119.3137,92.25,28,0,6.91
503,Tuatapere,NZ,2022-07-13 04:17:22,-46.1333,167.6833,43.66,95,100,10.56
504,Magadan,RU,2022-07-13 04:17:23,59.5667,150.8,79.54,82,67,9.06
505,Maceio,BR,2022-07-13 04:16:06,-9.6658,-35.7353,72.84,94,75,0.0
506,Eyl,SO,2022-07-13 04:17:23,7.9803,49.8164,79.72,59,89,24.56
507,Puerto Leguizamo,CO,2022-07-13 04:17:24,-0.1934,-74.7819,70.95,97,23,1.23
508,Port Hedland,AU,2022-07-13 04:17:24,-20.3167,118.5667,80.65,17,9,12.66
509,Nioki,CD,2022-07-13 04:17:25,-2.7167,17.6833,72.86,49,98,3.51
510,Pueblo,US,2022-07-13 04:13:51,38.2545,-104.6091,72.61,46,0,6.91
511,Lompoc,US,2022-07-13 04:13:48,34.6391,-120.4579,61.79,84,100,11.99
512,Itaqui,BR,2022-07-13 04:17:26,-29.1253,-56.5531,45.9,81,0,5.59
513,Chifeng,CN,2022-07-13 04:17:26,42.2683,118.9636,93.0,25,12,13.06
514,Kindersley,CA,2022-07-13 04:16:42,51.4668,-109.1682,71.62,49,20,12.66
515,Kisangani,CD,2022-07-13 04:17:27,0.5167,25.2,71.47,94,96,2.1
516,Chardara,KZ,2022-07-13 04:17:27,41.2547,67.9692,83.12,32,4,6.35
517,Galyugayevskaya,RU,2022-07-13 04:17:28,43.6969,44.9344,76.73,52,1,7.31
518,Cairns,AU,2022-07-13 04:17:28,-16.9167,145.7667,81.07,50,55,12.66
519,La Libertad,EC,2022-07-13 04:17:29,-2.2333,-80.9,68.77,86,98,11.99
520,Yaroslavskaya,RU,2022-07-13 04:17:30,44.6106,40.4642,65.25,93,99,3.4
521,Watsa,CD,2022-07-13 04:17:30,3.0372,29.5355,64.72,79,88,0.81
522,San Juan,AR,2022-07-13 04:17:30,-31.5375,-68.5364,47.16,30,0,2.51
523,Erzin,TR,2022-07-13 04:17:31,36.9559,36.2,75.94,85,24,2.08
524,Sampit,ID,2022-07-13 04:17:31,-2.5333,112.95,84.51,77,45,1.32
525,Kichera,RU,2022-07-13 04:17:32,55.9375,110.0997,68.68,58,59,6.6
526,Sucevita,RO,2022-07-13 04:17:32,47.7833,25.7167,61.45,62,95,14.47
527,Ketchikan,US,2022-07-13 04:16:34,55.3422,-131.6461,55.38,94,100,6.91
528,Iquique,CL,2022-07-13 04:17:33,-20.2208,-70.1431,59.04,83,100,1.25
529,Ukwa,IN,2022-07-13 04:17:33,21.9667,80.4667,80.94,79,90,6.55
530,Nuuk,GL,2022-07-13 04:17:34,64.1835,-51.7216,39.81,100,100,8.05
531,Nortelandia,BR,2022-07-13 04:17:34,-14.4547,-56.8028,69.64,64,86,0.25
532,Karymskoye,RU,2022-07-13 04:17:34,51.6167,114.35,74.59,46,36,4.88
533,Erdenet,MN,2022-07-13 04:17:35,49.0333,104.0833,68.97,45,1,8.75
534,Vagur,FO,2022-07-13 04:17:35,61.4732,-6.8119,50.56,92,100,26.28
535,Pisco,PE,2022-07-13 04:17:36,-13.7,-76.2167,57.25,88,20,3.44
536,Waipawa,NZ,2022-07-13 04:17:36,-41.4122,175.5153,53.76,73,1,22.35
